,Alexander,Nicholas,2603587,
7273099,Arcangeli,Alyssa,2601447,687202040459
7273098,Atchie,Alexis,2603322,687202040458
7273097,Ayers,Mikenna,2601478,687202040457
,Bardeen,Trevor,2601376,
,Beach,Cortney,2603280,
,Beardsley,Kyle,2400908,
7273096,Berry,Tyler,2601845,687202040456
7273095,Bingham,Alexis,2601466,687202040455
,Blodgett,Keith,2602964,
7273094,Brown,Andrew,2602903,687202040454
,Carocci,Jacob,2600987,
7273093,Chapman-Heichel,Abbie,2603121,687202040453
,Churchill,Tyler,2602996,
7273092,Clark,Ryan,2601283,687202040452
7273091,Cole,Dakota,2401153,687202040451
7273090,Connelly,Cameron,2600793,687202040450
7273089,Crane,Ashley,2400846,687202040449
7273088,Craven,Phillip,2601472,687202040448
7273087,Crissinger,Tiffini,2401304,687202040447
7273086,Crosby,Nicholas,2603594,687202040446
7273085,Crout,Kendale,2601284,687202040445
7273084,Cummings,Daryn,2601434,687202040444
7273083,Dalrymple,Austin,2401123,687202040443
7273082,DeBolt,Aidan,2602891,687202040442
,DeMeritt,Jordan,2600782,
7273081,Dillenbeck,Jordan,2601279,687202040441
7273080,Elkins,Savannah,2603650,687202040440
7273078,Evans,Dakota,2601355,687202040438
7273079,Evans,Ezra,2601332,687202040439
7273077,Falls,Casey,2602590,687202040437
7273076,Fitzsimmons,William,2401305,687202040436
7273075,Franklin,Emily,2601490,687202040435
7273073,Gardner,Ruthe,2601458,687202040433
2723074,Gardner,Sara,2601459,687202040434
7273072,Gibson,Alexander,2600929,687202040432
7273071,Gublo,Elaine,2601417,687202040431
7273070,Hanley,Samuel,2601287,687202040430
7273069,Hazlitt,Patrick,2401309,687202040429
7273068,Hill,Ashton,2603108,687202040428
,Hosley,Christina,2602949,
7273067,Hulbert,Mathew,2601187,687202040427
7273066,Hunter,Chad,2601288,687202040426
7273065,Irwin,Courtney,2601289,687202040425
,Kelly,Jacob,2601357,
7273064,LaFever,Diana,2600774,687202040424
7273063,Layton,Braden,2401287,687202040423
7273062,Lin,Rong Hang,2603474,687202040422
7273061,Lokken,Jacob,2601293,687202040421
,Lopresti,Serafina,2603270,
7273060,Mason,Elizabeth,2601560,687202040420
7273059,Miller,Abigail,2601305,687202040419
7273058,Morrissette,Sara,2601763,687202040418
7273057,Neira,Brendan,2601462,687202040417
7273056,Oshima,Moeko,2603796,687202040416
7273055,Pike,Amanda,2601299,687202040415
7273054,Platon,Dylan,2602496,687202040414
7273053,Ploucha,Christopher,2400820,687202040413
 ,Price,Kaleb,2601426,
7273052,Pruitt,Ryan,2600745,687202040412
7273051,Richtmyer,Chase,2401292,687202040411
7273050,Rolston,Dominick,2601605,687202040410
0.7273049,Rutledge,Shawn,2602112,687202040409
7273048,Samuels,Kacey,2601406,687202040408
,Saunders,Cole,2603311,
7273047,Schimizzi,Maxwell,2601445,687202040407
,Schwartz,Juliana,2602991,
7273046,Seeley-Ion,Connor,2602135,687202040406
7273045,Shea,Samantha,2601191,687202040405
 ,Sheesley,Alexander,2601300,
7273044,Slater,Joelle,2600902,687202040404
7273043,Smith,Brianna,2603788,687202040403
7273042,Solomon,Brienna,2602137,687202040402
7273041,Stutzman,Justin,2400923,687202040401
7273040,Taylor,Katherine,2600960,687202040400
7273039,Watson,Payton,2401131,687202040399
7273038,Weaver,Alexis,2601866,687202040398
7273037,Weeden,Cambria,2601524,687202040397
7273036,Wickham,Phebe,2601410,687202040396
7273035,Williams,Angel,2601546,687202040395
7273034,Williams,Cheyenne,2603797,687202040394
7273033,Wright,Charles,2601090,687202040393
